Gene,ENST_ID,Chromosome,Position,Ref,Alt,Mutation,Variant_Type
BRAF,ENST00000288602,7,140453136,A,T,p.V600E,missense
KRAS,ENST00000256078,12,25398284,C,T,p.G12D,missense
TP53,ENST00000269305,17,7577538,G,A,p.R175H,missense
EGFR,ENST00000275493,7,55242464,G,A,p.L858R,missense
PIK3CA,ENST00000263967,3,178936091,G,A,p.E545K,missense
IDH1,ENST00000345146,2,209113113,G,A,p.R132H,missense
NRAS,ENST00000369535,1,115258747,C,A,p.Q61K,missense
PTEN,ENST00000371953,10,89692905,C,T,p.R130Q,missense
APC,ENST00000257430,5,112175589,C,T,p.R1450X,nonsense
BRCA1,ENST00000357654,17,41245466,G,T,p.C61G,missense
BRCA2,ENST00000380152,13,32911888,A,G,p.N372H,missense
RB1,ENST00000267163,13,48941648,G,T,p.R320X,nonsense
CDH1,ENST00000261769,16,68847326,G,A,p.V832M,missense
HRAS,ENST00000397596,11,534289,C,A,p.Q61K,missense
FGFR2,ENST00000358487,10,123279681,C,T,p.N550K,missense
KIT,ENST00000288135,4,55593586,A,G,p.D816G,missense
JAK2,ENST00000381652,9,5073770,G,T,p.V617F,missense
PDGFRA,ENST00000257290,4,55141055,A,G,p.D842G,missense
CTNNB1,ENST00000349496,3,41266137,C,T,p.S45F,missense
ERBB2,ENST00000269571,17,37881000,G,A,p.G309E,missense
